<?xml version="1.0" encoding="UTF-8"?>
<definitions xmlns="http://www.omg.org/spec/BPMN/20100524/MODEL" xmlns:xsi="http://www.w3.org/2001/XMLSchema-instance" xmlns:xsd="http://www.w3.org/2001/XMLSchema" xmlns:activiti="http://activiti.org/bpmn" xmlns:bpmndi="http://www.omg.org/spec/BPMN/20100524/DI" xmlns:omgdc="http://www.omg.org/spec/DD/20100524/DC" xmlns:omgdi="http://www.omg.org/spec/DD/20100524/DI" typeLanguage="http://www.w3.org/2001/XMLSchema" expressionLanguage="http://www.w3.org/1999/XPath" targetNamespace="http://www.activiti.org/processdef">
  <process id="process" name="测试流程" isExecutable="true">
    <startEvent id="a100" name="流程开始"></startEvent>
    <userTask id="a101" name="业务人员：项目申请" activiti:candidateGroups="6cffc07f40f1459eb726db9dc18fd73b"></userTask>
    <userTask id="a102" name="业务总监：审批意见" activiti:candidateGroups="d83cbcceff18498b8d3ad5f39ef685fa"></userTask>
    <endEvent id="a900" name="流程结束"></endEvent>
    <sequenceFlow id="a100_a101" name="提交业务人员填写项目申请信息" sourceRef="a100" targetRef="a101"></sequenceFlow>
    <sequenceFlow id="a101_a900" name="审批完成" sourceRef="a102" targetRef="a900"></sequenceFlow>
    <sequenceFlow id="a101_1102" name="提交业务总监审批" sourceRef="a101" targetRef="a102"></sequenceFlow>
  </process>
  <bpmndi:BPMNDiagram id="BPMNDiagram_process">
    <bpmndi:BPMNPlane bpmnElement="process" id="BPMNPlane_process">
      <bpmndi:BPMNShape bpmnElement="a100" id="BPMNShape_a100">
        <omgdc:Bounds height="30.0" width="30.0" x="135.0" y="77.5"></omgdc:Bounds>
      </bpmndi:BPMNShape>
      <bpmndi:BPMNShape bpmnElement="a101" id="BPMNShape_a101">
        <omgdc:Bounds height="80.0" width="100.0" x="375.0" y="52.5"></omgdc:Bounds>
      </bpmndi:BPMNShape>
      <bpmndi:BPMNShape bpmnElement="a102" id="BPMNShape_a102">
        <omgdc:Bounds height="80.0" width="100.0" x="600.0" y="52.5"></omgdc:Bounds>
      </bpmndi:BPMNShape>
      <bpmndi:BPMNShape bpmnElement="a900" id="BPMNShape_a900">
        <omgdc:Bounds height="28.0" width="28.0" x="810.0" y="78.5"></omgdc:Bounds>
      </bpmndi:BPMNShape>
      <bpmndi:BPMNEdge bpmnElement="a101_a900" id="BPMNEdge_a101_a900">
        <omgdi:waypoint x="700.0" y="92.5"></omgdi:waypoint>
        <omgdi:waypoint x="810.0" y="92.5"></omgdi:waypoint>
      </bpmndi:BPMNEdge>
      <bpmndi:BPMNEdge bpmnElement="a101_1102" id="BPMNEdge_a101_1102">
        <omgdi:waypoint x="475.0" y="92.5"></omgdi:waypoint>
        <omgdi:waypoint x="600.0" y="92.5"></omgdi:waypoint>
      </bpmndi:BPMNEdge>
      <bpmndi:BPMNEdge bpmnElement="a100_a101" id="BPMNEdge_a100_a101">
        <omgdi:waypoint x="165.0" y="92.5"></omgdi:waypoint>
        <omgdi:waypoint x="375.0" y="92.5"></omgdi:waypoint>
      </bpmndi:BPMNEdge>
    </bpmndi:BPMNPlane>
  </bpmndi:BPMNDiagram>
</definitions>